file,newspaper,title,date,category
50000.txt,www.digi24.ro,Un oras din Franta a primit o mostenire de 10 milioane de euro de la un om care nu a pus vreodata piciorul acolo,11.01.2025,Stiri
50001.txt,www.digi24.ro,"Video  Avocatii lui Calin Georgescu, ajutati de AUR sa depuna la CCR cererea de revizuire a anularii alegerilor",10.01.2025,Stiri
50002.txt,www.digi24.ro,Exclusiv  Burduja: Consumatorii vulnerabili vor fi protejati de Guvern daca se renunta la plafonarea preturilor la energie si gaze,10.01.2025,Stiri
50003.txt,www.digi24.ro,"Cel mai fierbinte an din istoria masuratorilor. 2024 a depasit cu 1,6 grade Celsius nivelurile preindustriale",10.01.2025,Stiri
50004.txt,www.digi24.ro,Daniel David: Eu cred ca salariul de baza trebuie sa reflecte respectul pe care noi il dam profesorului si educatiei,10.01.2025,Stiri
50005.txt,www.digi24.ro,Analiza  Prestigioasa revista The Atlantic il numeste pe Calin Georgescu „un nou Rasputin”. Semnalul de alarma tras de o istorica din SUA,10.01.2025,Stiri
50006.txt,www.digi24.ro,"Elon Musk imprastie dezinformare despre UE si alegerile din Rominia pe reteaua lui, X. „Comportament tiranic” vs „pierdut in traducere”",11.01.2025,Stiri
50007.txt,www.digi24.ro,ISW: Fortele de securitate ruse fac presiuni asupra lui Putin sa intensifice razboiul din Ucraina,11.01.2025,Stiri
50008.txt,www.digi24.ro,Funeralii de stat pentru fostul presedinte american Jimmy Carter,09.01.2025,Stiri
50009.txt,www.digi24.ro,"Romgaz se pregateste sa devina furnizor de gaze. Pina la sfirsitul anului, compania vrea sa faca primele oferte comerciale",10.01.2025,Stiri
50010.txt,www.digi24.ro,Presedintele Biden critica decizia Meta de a renunta la verificarea datelor. „Este rusinoasa”,11.01.2025,Stiri
50011.txt,www.digi24.ro,Jocuri de culise la Facebook pentru a asigura apropierea lui Zuckerberg de Trump,11.01.2025,Stiri
50012.txt,www.digi24.ro,Oficialul SUA care anunta ridicarea vizelor pentru Rominia este fiul unei romince,10.01.2025,Stiri
50013.txt,www.digi24.ro,Semnal de alarma. Uniunea Europeana ramine mult in urma SUA si a Chinei la capitolul competitivitate,10.01.2025,Stiri
50014.txt,www.digi24.ro,Alegeri prezidentiale 2025,No date found,Stiri
50015.txt,www.digi24.ro,"Galerie Foto  Cladirea care a supravietuit incendiilor devastatoare din Los Angeles, chiar daca totul in jurul ei a ars",11.01.2025,Stiri
50016.txt,www.digi24.ro,Instagram si Threads reintroduc postarile cu continut politic in feed-urile utilizatorilor,09.01.2025,Stiri
50017.txt,www.digi24.ro,Un general polonez a fost demis dupa gasirea unor mine antitanc la IKEA,11.01.2025,Stiri
50018.txt,www.digi24.ro,Seful Facebook ii cere lui Trump sa opreasca Uniunea Europeana din sanctionarea companiilor americane de tehnologie,11.01.2025,Stiri
50019.txt,www.digi24.ro,Lovitura de adio. Administratia Biden impune unele dintre cele mai ample sanctiuni impotriva industriei petroliere ruse,10.01.2025,Stiri
50020.txt,www.digi24.ro,Externe,No date found,Stiri
50021.txt,www.digi24.ro,Ambasada Rominiei in SUA vine cu noi precizari despre autorizatia electronica pe baza careia se va putea merge in SUA,11.01.2025,Stiri
50022.txt,www.digi24.ro,"Daniel David: Nu ma propun candidat la prezidentiale. „Daca mi s-ar cere, as intreba de ce mi se cere mie”",10.01.2025,Stiri
50023.txt,www.digi24.ro,Actualitate,No date found,Stiri
50024.txt,www.digi24.ro,Soc pe piata imobiliara din cel mai scump oras din Rominia: Preturile apartamentelor au atins un nou record la inceput de an,10.01.2025,Stiri
50025.txt,www.digi24.ro,Angajatii Meta critica decizia lui Zuckerberg de a pune capat verificarii informatiilor si schimbarile din board-ul companiei,09.01.2025,Stiri
50026.txt,www.digi24.ro,"Cum ar putea inteligenta artificiala sa ne salveze de apocalipsa nucleara. AI-ul, mai intelept decit omul, intr-o simulare de razboi",11.01.2025,Stiri
50027.txt,www.digi24.ro,"Remus Pricopie, despre protestele pro-Georgescu si AUR: „Obiective trasate de Kremlin”",10.01.2025,Stiri
50028.txt,www.digi24.ro,"„Tatal meu ar trebui sa moara in inchisoare”, spune fiica lui Dominique Pelicot. Femeia e convinsa ca tatal ei a abuzat-o si pe ea",11.01.2025,Stiri
50029.txt,www.digi24.ro,"Anul 2024, cel mai fierbinte din istoria masuratorilor meteo din Rominia. Unde au fost inregistrate cele mai ridicate temperaturi",10.01.2025,Stiri
50030.txt,www.digi24.ro,Mister in ancheta avionului prabusit in Coreea de Sud. Cutiile negre nu au mai inregistrat nimic cu 4 minute inainte de tragedie,11.01.2025,Stiri
50031.txt,www.digi24.ro,Premierul Groenlandei: „Nu vrem sa fim americani”,11.01.2025,Stiri
50032.txt,www.digi24.ro,Barbatul care a facut miliarde de dolari mizind pe cel mai murdar combustibil fosil din lume. De ce a explodat iar comertul cu carbuni,10.01.2025,Stiri
50033.txt,www.digi24.ro,"Pina la ce data pot plati rominii impozitul pentru a beneficia de 10% reducere. Cum achiti taxele online, direct din aplicatie",11.01.2025,Stiri
50034.txt,www.digi24.ro,Sci-tech,No date found,Stiri
50035.txt,www.digi24.ro,Politica,No date found,Stiri
50036.txt,www.digi24.ro,Primul oras din Rominia care ar putea interzice fumatul pe strada. Primar: Masura trebuie implementata gradual,11.01.2025,Stiri
50037.txt,www.digi24.ro,Burduja anunta reorganizarea Ministerului Energiei: Toti colegii vor da concurs si ramin cei care merita,09.01.2025,Stiri
50038.txt,www.digi24.ro,Funeriu vrea sa intre in turul 2 al prezidentialelor cu Nicusor Dan: „Ce oportunitate pe tara sa aiba de ales intre doi fosti olimpici”,11.01.2025,Stiri
50039.txt,www.digi24.ro,Video&Foto  Dosar penal si amenzi uriase dupa protestul lui Calin Georgescu din Capitala. Momentul in care echipa Digi24 e atacata de manifestanti,10.01.2025,Stiri
50040.txt,www.digi24.ro,Actorul britanic Jude Law confirma ca il va interpreta pe Vladimir Putin in filmul „Vrajitorul de la Kremlin”,11.01.2025,Stiri
50041.txt,www.digi24.ro,Vremea se raceste in toata tara. Zonele in care meteorologii anunta precipitatii,11.01.2025,Stiri
50042.txt,www.digi24.ro,Mel Gibson pregateste pentru 2026 filmari la continuarea blockbusterului „Patimile lui Hristos”,11.01.2025,Stiri
50043.txt,www.digi24.ro,Video  Zbor cu probleme in SUA. Pasagerii au fost evacuati pe tobogan: „Ceva nu a mers bine si motorul a luat foc”,11.01.2025,Stiri
50044.txt,www.digi24.ro,"Bulgaria, in topul celor 52 de destinatii de vizitat in 2025, realizat de New York Times. Ce tari ocupa primele locuri in clasament",11.01.2025,Stiri
50045.txt,www.digi24.ro,Prima retinere dupa mitingul pro-Georgescu,11.01.2025,Stiri
50046.txt,www.digi24.ro,Un nou test de singe revolutionar care detecteaza cancerul in stadii incipiente a fost validat cu succes in studiile clinice,11.01.2025,Stiri
50047.txt,www.digi24.ro,"Ministrul Finantelor: Rominia a incheiat anul 2024 cu un deficit de 8,6%",09.01.2025,Stiri
50048.txt,www.digi24.ro,Cursa contracronometru in SUA inainte de investirea lui Trump. Americanii fac provizii de produse straine,11.01.2025,Stiri
50049.txt,www.digi24.ro,"Ucrainenii au capturat doi soldati nord-coreeni in regiunea Kursk din Rusia, anunta Zelenski",11.01.2025,Stiri
50050.txt,www.digi24.ro,Prima retinere dupa mitingul pro-Georgescu. Barbatul care a vandalizat masina unor jurnalisti si-a petrecut noaptea in arest,11.01.2025,Stiri
50051.txt,www.digi24.ro,Elena Lasconi spune ca Marcel Ciolacu „trage de timp sa bata in cuie data alegerilor prezidentiale”: Nu au niciun plan pentru Rominia,10.01.2025,Stiri
50052.txt,www.digi24.ro,Zuckerberg il indeamna pe Trump sa puna presiune pe UE din cauza normelor pentru companiile de tehnologie. „Penalitatile sunt uriase”,11.01.2025,Stiri
50053.txt,www.digi24.ro,Mapamond,No date found,Stiri
50054.txt,www.digi24.ro,Justitie,No date found,Stiri
50055.txt,www.digi24.ro,"Funeriu: Calin Georgescu, un „guru cu zorzoane” care a spus fiecaruia ce vrea sa auda si oamenii au avut impresia ca sunt ascultati",11.01.2025,Stiri
50056.txt,www.digi24.ro,"VIDEO Accident grav in Bucuresti, cu 8 raniti. O soferita a intrat intr-o masina de politie",11.01.2025,Stiri
50057.txt,www.digi24.ro,"Crin Antonescu: Cu cit alegerile sunt mai tirziu, teoria conspirationista prinde aderenti si asta nu e bine",11.01.2025,Stiri
50058.txt,www.digi24.ro,"Amenintarile lui Trump privind tarifele agraveaza incertitudinea economica globala, avertizeaza FMI",11.01.2025,Stiri
50059.txt,www.digi24.ro,"Alerta sanitara la Braila, dupa ce un copil de 9 ani a fost diagnosticat cu trichineloza",11.01.2025,Stiri
50060.txt,www.digi24.ro,ULTIMELE STIRI,11.01.2025,Stiri
50061.txt,www.digi24.ro,Ce sporuri se calculeaza la pensie. Lista veniturilor cu caracter permanent si nepermanent care sunt valorificate la stabilirea sumei,11.01.2025,Stiri
50062.txt,www.digi24.ro,Film,No date found,Stiri
50063.txt,www.digi24.ro,Economie,No date found,Stiri
50064.txt,www.digi24.ro,"Djokovici spune ca a fost „otravit” cu plumb si mercur in perioada in care a fost retinut la Melbourne, in 2022, in contextul pandemiei",10.01.2025,Stiri
50065.txt,www.digi24.ro,"Copii cu dizabilitati incuiati cu zavorul si tratati cu medicamente expirate, descoperiti la mai multe centre din Tirgu Mures",11.01.2025,Stiri
50066.txt,www.digi24.ro,Dilema morala in SUA: Americanii trimit detinuti pentru a stinge incendiile din California. „Esti doar o mina de lucru ieftina”,11.01.2025,Stiri
50067.txt,www.digi24.ro,Donald Trump Jr. sustine ca Ucraina e de vina pentru incendiile care fac prapad in Los Angeles,10.01.2025,Stiri
50068.txt,www.digi24.ro,Fechet: Sunt sanse mici ca poluarea cauzata de scufundarea celor doua petroliere rusesti sa ajunga pe litoralul rominesc,11.01.2025,Stiri
50069.txt,www.digi24.ro,Social,No date found,Stiri
50070.txt,www.digi24.ro,"George Simion, despre protestul din fata Parlamentului: „Nu il sustinem pe domnul Georgescu, noi sustinem dreptul rominilor”",10.01.2025,Stiri
50071.txt,www.digi24.ro,Video  Chinezii au facut masina care poate sari peste gropile din asfalt,10.01.2025,Stiri
50072.txt,www.digi24.ro,Cele mai ieftine orase din Europa pentru un city break in 2025. Ce destinatii calde recomanda specialistii la inceput de an,11.01.2025,Stiri
50073.txt,www.digi24.ro,Andrew Tate: „Voi fi viitorul premier al Marii Britanii”,09.01.2025,Stiri
50162.txt,www.life.ro,"Incepe maratonul generozitatii: „Voluntarii sunt inima activitatii noastre” - Lacramioara Rediu, Banca pentru Alimente",2024-12-13T15:43:39+00:00,Stiri
50163.txt,www.life.ro,"Dr. Simona Tivadar: „Copiii nu maninca doua ciocolate pe zi pentru ca a plouat cu ciocolata intr-un loc in care ei traiau de capul lor, ci pentru ca au niste parinti iresponsabili care le cumpara doua ciocolate pe zi”",2018-12-17T05:14:13+00:00,Stiri
50164.txt,www.life.ro,"Ce mai fac acum actorii din Beverly Hills, 90210",2025-01-03T04:39:00+00:00,Stiri
50165.txt,www.life.ro,"Povestea celui mai tinar magistrat din Italia care si-a urmat dragostea si s-a mutat in Bucuresti: Pio Cesare: „Atunci cind s-a imbolnavit, nu am mai facut nimic”",2024-12-10T04:00:00+00:00,Stiri
50166.txt,www.life.ro,Povestea romincei care a trait doua decenii in Italia si s-a intors in tara impreuna cu sotul italian si cei doi copii pentru a le arata tuturor frumusetea Dobrogei. Cum s-a nascut raiul de la Complex Turistic Varvara,2020-05-10T03:00:11+00:00,Stiri
50167.txt,www.life.ro,Cele mai vizionate seriale din Rominia in 2024: Ce spun statisticile,2025-01-10T04:36:00+00:00,Stiri
50168.txt,www.life.ro,Top filme rominesti pe care trebuie sa le vezi in 2025,2025-01-08T04:04:00+00:00,Stiri
50169.txt,www.life.ro,Cum sa transformi balconul intr-un colt de relaxare: Idei si articole esentiale,2025-01-07T04:02:00+00:00,Stiri
50170.txt,www.life.ro,Cum adopti un copil cu intirzieri de dezvoltare? Si cum ajungi sa schimbi radical viata unui micut „avid de imbratisari”,2024-10-20T03:00:00+00:00,Stiri
50171.txt,www.life.ro,"Andreea Perju si fiicele ei Mara si Ada despre bogatie, bani de buzunar si responsabilitati: „Degeaba avem toti banii din lume daca suntem nefericiti”",2024-12-08T04:00:00+00:00,Stiri
50172.txt,www.life.ro,"Mihaela Mircea, arhitect Inegal Design: „Creativitatea nu este limitata de bugete mici – dimpotriva, bugetele mici o provoaca mai mult”",2025-01-09T04:00:00+00:00,Stiri
50173.txt,www.life.ro,"Diana Pacurar, regizoare: „Poate ca este in firea lucrurilor sa simtim ca mamele nu fac niciodata indeajuns”",2024-12-31T04:00:00+00:00,Stiri
50174.txt,www.life.ro,"Analia Selis dupa divort: „cel mai mult ma ajuta dorinta, terapia, rabdarea, intelegerea si iubirea”",2024-12-29T04:00:00+00:00,Stiri
50175.txt,www.life.ro,"„Sa te implici cind e nevoie, fie ca oferi o vorba buna, o farfurie de mincare, donezi singe sau oferi suport financiar din putinul tau” - Janina Stancicu, ING",2024-12-05T04:00:00+00:00,Stiri
50176.txt,www.life.ro,Fiecare jucarie cumparata la Lidl creste ajutorul acordat copiilor din medii dezavantajate,2024-12-20T04:00:00+00:00,Stiri
50177.txt,www.life.ro,Horoscop 2025: Descopera ce rezerva astrele pentru toate zodiile,2025-01-04T04:12:00+00:00,Stiri
50178.txt,www.life.ro,Viata lui Vivien Leigh: si-a parasit copilul pentru a-si putea trai marea dragoste,2019-08-17T04:26:06+00:00,Stiri
50179.txt,www.life.ro,"Viata lui Sharon Stone: fetita inteligenta capabila sa intre la facultate la 15 ani, concursul de Miss si instinctul primar al unui film de cariera",2020-04-25T03:44:55+00:00,Stiri
50180.txt,www.life.ro,Viata in Guatemala: O destinatie plina de contraste si culoare,2025-01-08T04:10:00+00:00,Stiri
50181.txt,www.life.ro,"Povestea vietii lui Alex Dima: de la studii de teologie, la „Rominia, te iubesc!” si pina la povestea despre care cu greu mai accepta sa vorbeasca",2019-04-29T04:58:04+00:00,Stiri
50182.txt,www.life.ro,"Cum putem intinde o mina de ajutor persoanelor vulnerabile? „Am fost crescut intr-o scoala a bunatatii la mine acasa” - Marius Cocut, Caritas Bucuresti",2024-12-14T14:41:19+00:00,Stiri
50183.txt,www.life.ro,Aventuri financiare la 15 ani: „Mi-ar placea sa dau meditatii copiilor mai mici decit mine si cu banii strinsi sa-mi iau o masina”,2024-12-15T04:00:00+00:00,Stiri
50184.txt,www.life.ro,"„Un coleg spaniol s-a amuzat de mine cind am strivit doza de bere - A, nu, nu, asta nu se face aici. Trebuie sa o pastrezi intacta pentru reciclare. Ma dadusem de gol – la mine in tara nu se recicla” - Mihnea Simian, ING",2024-12-12T04:00:00+00:00,Stiri
50185.txt,www.life.ro,"Doi tineri din Bucuresti s-au hotarit sa-si vinda apartamentul, sa-si ia un an sabatic si sa plece „hai hui in doi” prin lume. Cum arata aventura lor",2019-04-07T04:00:51+00:00,Stiri
50186.txt,www.life.ro,Mituri despre sex pe care trebuie sa le uiti,2025-01-07T04:50:00+00:00,Stiri
50187.txt,www.life.ro,Fiecare jucarie cumparata devine o sansa la educatie pentru copiii din medii defavorizate,2024-12-21T04:00:00+00:00,Stiri
50188.txt,www.life.ro,Femeia de etnie roma plecata din Baia Mare care lucreaza la Google in New Jersey. Rowena Marin: „Am fost invatata sa vind de cind aveam 2 ani”,2024-12-14T04:00:00+00:00,Stiri
50189.txt,www.life.ro,"„Suntem multi, dar uniti la greu”. Povestea invatatoarei Alina Dima care a reusit sa treaca barierele impuse de societate datorita celor 8 frati ce au renuntat la scoala",2025-01-02T04:29:00+00:00,Stiri
50190.txt,www.life.ro,"„Poti invata ceva nou de la orice persoana pe care o intilnesti: de la copii inveti o multime de lectii” - Alexandra Ilie, ING",2024-12-19T04:00:00+00:00,Stiri
50191.txt,www.life.ro,Viata lui Dorinel Munteanu: Legenda care a scris istorie in fotbalul rominesc,2025-01-06T04:38:00+00:00,Stiri
50192.txt,www.life.ro,"Cum este viata intr-o casa cu 7 copii? Si cum ajunge o familie sa adopte 5 frati? Naomi Opreanu, sora cea mare: „I-am iubit foarte mult de la inceput”",2024-08-04T03:00:00+00:00,Stiri
50193.txt,www.life.ro,"De la Paris in Antarctica: cum ar schimba lumea adolescenta Anya. Dialog despre responsabilitate, experiente, pasiune si economii intre parinti si copii",2024-12-22T04:00:00+00:00,Stiri
50194.txt,www.life.ro,"Marius Braila a fost condamnat, in copilarie, la o viata petrecuta in scaunul cu rotile, dar s-a metamorfozat. Iar astazi, Nicu, copilul pe care l-a adoptat, are „minuta de supererou”",2025-01-05T04:00:00+00:00,Stiri
50195.txt,www.life.ro,"Imparte cancelaria cu sotia, copilul ii este elev, iar fostii profesori ii sunt colegi. Sorin Hagiu, director de scoala: „Fiecare copil este o poveste, iar tu, ca profesor, ai sansa sa scrii un capitol important”",2025-01-07T04:00:00+00:00,Stiri
50196.txt,www.life.ro,Cum sa iti mentii relatia sanatoasa: 10 sfaturi esentiale,2025-01-10T04:24:00+00:00,Stiri
50197.txt,www.life.ro,"Traume vindecate prin iubire: desi reticent la ideea de a aduce „un strain in casa”, Geta si-a convins sotul sa inceapa procesul de adoptie. Iar acum Sorina si Nadia spun: „vrem un copil de 4-5 ani ca sa putem sa avem noi grija de el, dar sa nu fie unul mic, mic, ca face treaba mare”",2024-07-07T03:00:00+00:00,Stiri
50198.txt,www.life.ro,Cum sa organizezi spatiile mici: Idei de mobilier si solutii de depozitare,2025-01-09T04:51:00+00:00,Stiri
50199.txt,www.life.ro,Cum sa reaprinzi pasiunea intr-o relatie de lunga durata,2025-01-09T04:21:00+00:00,Stiri
50200.txt,www.life.ro,"Povestea celor doi romini care au ramas blocati cu autorulota in Spania, intr-un sat de la poalele muntilor Pirinei: „Am invatat sa ne bucuram de lucrurile simple ale vietii”",2020-04-25T03:00:21+00:00,Stiri
50201.txt,www.life.ro,"De la o viata marcata de traume, saracie si pericol, la o cariera ce parea imposibila. Artista Mihaela Andrei: „Imi este cel mai dor de tata si acum si de mama”",2024-12-24T04:00:00+00:00,Stiri
50202.txt,www.life.ro,Vrei sa te muti in Portugalia? Descopera tot ce trebuie sa stii,2025-01-06T04:39:00+00:00,Stiri
50203.txt,www.life.ro,Ce mai face acum actrita Natalia Oreiro si cum s-a schimbat viata celei mai populare actrite de telenovele a Americii Latine,2025-01-05T04:57:00+00:00,Stiri
50204.txt,www.life.ro,"Ileana Badiu rupe tacerea despre menopauza: „La 43 de ani am fost total nepregatita, acum ajut alte femei sa fie informate”",2024-12-26T04:23:00+00:00,Stiri
50205.txt,www.pressone.ro,"Drepturile femeilor din Rominia, sub asediul extremistilor. „Imi doresc ca fetita mea sa fie in siguranta, sa creasca fara sa i se taie aripile, sa poata deveni orice isi doreste”",04/12/2024,Stiri
50206.txt,www.pressone.ro,"Harta contrastelor (III). Bucuresti-Ilfov, o insula de bunastare inconjurata de saracie",17/09/2024,Stiri
50207.txt,www.pressone.ro,VIDEO. Cum discutam cind suntem dezbinati? Ghid de conversatie cu un votant extremist,03/12/2024,Stiri
50208.txt,www.pressone.ro,"De Craciun, blocul 42 a stralucit in zori",26/12/2024,Stiri
50209.txt,www.pressone.ro,"Calin Georgescu hipnotizeaza Rominia. Scirbiti de oferta democratica a partidelor, rominii au votat direct cu Rusia",25/11/2024,Stiri
50210.txt,www.pressone.ro,Oamenii faini PressOne,19/12/2024,Stiri
50211.txt,www.pressone.ro,Mos Gerila vine cu racheta. Cum au furat comunistii Craciunul?,06/12/2024,Stiri
50212.txt,www.pressone.ro,Cum va arata clima Rominiei in urmatorii 25 de ani? Dr. Climate | Episodul 3,05/11/2024,Stiri
50213.txt,www.pressone.ro,"Justitie in ritm de melc. Un psiholog abuzator din Bucuresti poate practica in continuare, desi s-a propus suspendarea lui de cel putin 9 luni",12/12/2024,Stiri
50214.txt,www.pressone.ro,Redactia,No date found,Stiri
50215.txt,www.pressone.ro,Rominia post Colectiv. Doar 2 din 10 cladiri fara autorizatie la incendiu primesc vreo sanctiune,11/12/2024,Stiri
50216.txt,www.pressone.ro,The Map of Contrasts (I). How Different the West of Romania Is From the East,04/09/2024,Stiri
50217.txt,www.pressone.ro,"Ce ne invata istoria Dacia despre romini si Rominia ultimilor 60 de ani: de la ciocan si „merge si asa”, la rigoare si dominarea Europei",10/01/2025,Stiri
50218.txt,www.pressone.ro,„Ceva nu-mi miroase a bine”. Ce cred refugiatii ucraineni despre Calin Georgescu si directia extremista pe care sta sa o ia Rominia,15/12/2024,Stiri
50219.txt,www.pressone.ro,Viata PressOne,09/01/2025,Stiri
50220.txt,www.pressone.ro,"Statul finanteaza indirect raspindirea de dezinformare in rindul credinciosilor, ai caror lideri spirituali fac jocuri politice. Bugetul pentru Culte a crescut cu 60% in ultimii ani",16/12/2024,Stiri
50221.txt,www.pressone.ro,"REPORTAJ. „Buna dimineata melc, buna dimineata Calin Georgescu”",11/01/2025,Stiri
50222.txt,www.pressone.ro,Spotmedia,No date found,Stiri
50223.txt,www.pressone.ro,Ce inseamna renuntarea la moderare pe marile platforme sociale. Epoca furiei pe internet de-abia incepe,08/01/2025,Stiri
50224.txt,www.pressone.ro,Renata Mogildea,No date found,Stiri
50225.txt,www.pressone.ro,"PODCAST. Razboaiele dintre daci si romani: caderea Daciei. Columna lui Traian, explicata imagine cu imagine",18/10/2024,Stiri
50226.txt,www.pressone.ro,Apa si talpa. Sa alergi toata Via Transilvanica. Si sa ramii in viata.,08/11/2024,Stiri
50227.txt,www.pressone.ro,"Reportaj de la gala de lupte RXF, unde femeile au fost batute de barbati si tirite in lesa. „E ok, Floricica mai trebuie sa reziste doar citeva minute”",13/12/2024,Stiri
50228.txt,www.pressone.ro,VIDEO. Dr. Climate | Episodul 1: Legatura dintre schimbarile climatice si fenomenele extreme,17/09/2024,Stiri
50229.txt,www.pressone.ro,"Preotii BOR, sedusi de New Age si politica. Vasile Banescu: Implicarea clericilor in campanie, „o maxima eroare”. IPS Teodosie, „pe cont propriu”",15/12/2024,Stiri
50230.txt,www.pressone.ro,Bogdan Antonescu,No date found,Stiri
50231.txt,www.pressone.ro,"“I’m very hungry, God bless you.” The stories of Romanians in the Netherlands who rely on the kindness of strangers",29/10/2024,Stiri
50232.txt,www.pressone.ro,Ingrid Stefan,No date found,Stiri
50233.txt,www.pressone.ro,"Stiri din cealalta Rominie. In Buzau, zeci de politisti si-au luat liber in semn de protest, donind singe, iar la Cluj doi tineri au imprumutat aparatul de facut scintei reci al unui club",09/01/2025,Stiri
50234.txt,www.pressone.ro,"„Ei” sunt aici: ciudatul razboi hibrid pe care Armata Romina il poarta pe internet impotriva conspiratiilor, fara sa aiba macar un cont de Tik Tok activ",12/12/2024,Stiri
50235.txt,www.pressone.ro,Energy Poverty Has Doubled. Entire Communities In Romania are Burning Clothes and Shoes Because They Cannot Afford to Pay Their Bills,09/09/2024,Stiri
50236.txt,www.pressone.ro,Voicu Bojan,No date found,Stiri
50237.txt,www.pressone.ro,"The Map of Contrasts (II). What Life Is Like in Southern Romania and What the Future Holds for Counties Like Calarasi, Giurgiu, and Teleorman",25/09/2024,Stiri
50238.txt,www.pressone.ro,Luiza Popovici,No date found,Stiri
50239.txt,www.pressone.ro,"Razboiul de la granite. Ambele parti au desfasurat noi arme in Ucraina, iar uzura reciproca s-a intensificat",10/12/2024,Stiri
50240.txt,www.pressone.ro,"Interviu. Cristian Hatu, co-fondator Centrul de Evaluare si Analize Educationale: „Am vrut ca elevii sa gindeasca structurat, nu doar sa memoreze""",20/11/2024,Stiri
50241.txt,www.pressone.ro,"PODCAST. Politica, motiv de cearta in relatia de cuplu",10/11/2024,Stiri
50242.txt,www.pressone.ro,Orasul unde nu poposeste Circul e ca o viata fara copilarie,20/09/2024,Stiri
50243.txt,www.pressone.ro,"Investigatie PressOne in Congo, la compania militara privata condusa de Horatiu Potra. Sute de „romeos”, recrutati de Potra din Armata Romina, Fortele Speciale si Jandarmerie",08/12/2024,Stiri
50244.txt,www.pressone.ro,Alegeri 2024 PressOne,05/12/2024,Stiri
50245.txt,www.pressone.ro,Stiri PressOne,11/01/2025,Stiri
50246.txt,www.pressone.ro,Carolina Drüten,No date found,Stiri
50247.txt,www.pressone.ro,Malina Gindu,No date found,Stiri
50248.txt,www.pressone.ro,"Paul Radu, jurnalist, co-fondator OCCRP, despre ce inseamna sa investighezi coruptia si crima organizata: Intotdeauna simti ca ar fi trebuit sa faci mai mult",12/11/2024,Stiri
50249.txt,www.pressone.ro,Adrian Mihaltianu,No date found,Stiri
50250.txt,www.pressone.ro,Ana Coman,No date found,Stiri
50251.txt,www.pressone.ro,Sustine,No date found,Stiri
50252.txt,www.pressone.ro,"Zeci de mii de cladiri din Rominia nu au autorizatie de securitate la incendiu. Printre ele, scoli, spitale si primarii",18/11/2024,Stiri
50253.txt,www.pressone.ro,PODCAST. Mai credem in suflete pereche?,27/09/2024,Stiri
50254.txt,www.pressone.ro,"Acasa de sarbatori, pe drumurile din Rominia: cioturi noi de autostrada cu singe pe parapeti, gropi si soferi care se cred la curse",08/01/2025,Stiri
50255.txt,www.pressone.ro,"Din suflet, cu (mare) drag. Duiosia la romini.",06/12/2024,Stiri
50256.txt,www.pressone.ro,Lavinia Nita,No date found,Stiri
50257.txt,www.pressone.ro,Mihnea Lazar,No date found,Stiri
50258.txt,www.pressone.ro,Dezinformare PressOne,15/12/2024,Stiri
50259.txt,www.pressone.ro,Rominia se usuca: sute de cursuri de apa au secat in ultimii trei ani. Perioade de seceta si de 6 luni consecutive,13/11/2024,Stiri
50260.txt,www.pressone.ro,Exclusiv. Legaturile secrete ale lui Calin Georgescu cu extrema dreapta din Germania,05/12/2024,Stiri
50261.txt,www.pressone.ro,Ce ne asteapta in 2025. 5 tendinte in tehnologie,05/01/2025,Stiri
50262.txt,www.pressone.ro,Dr. Climate. Episodul 2 - Ashley versus Boris: Ciclonul fals si ciclonul real,10/10/2024,Stiri
50263.txt,www.pressone.ro,Laura Popa,No date found,Stiri
50264.txt,www.pressone.ro,"VIDEO. Cit de mult inteleg rominii schimbarile climatice: Ce stim, ce facem si cit de urgent e? Dr. Climate | Episodul 4",10/12/2024,Stiri
50265.txt,www.pressone.ro,„Toata lumea vine pentru bani”. Marturia unui tinar care a petrecut o saptamina de instructie ca rezervist voluntar in Armata Romina,20/10/2024,Stiri
50266.txt,www.pressone.ro,Cine-i formeaza pe formatori? Ministerul Sanatatii lasa pregatirea practicienilor de medicina alternativa pe seama unor medici care practica „regresia in vieti anterioare”,17/11/2024,Stiri
50267.txt,www.pressone.ro,"Puterea unui mesaj. Donatiile prin SMS schimba societatea in mai bine, picatura cu picatura",19/11/2024,Stiri
50268.txt,www.pressone.ro,Bianca Felseghi,No date found,Stiri
50269.txt,www.pressone.ro,Ce rol joaca serviciile in ascensiunea neo-legionara? Represiunea singura nu este suficienta - Interviu cu Oliver Jens Schmitt,09/12/2024,Stiri
50270.txt,www.pressone.ro,Reportaj: Minerii care sting lumina. De ce s-au batut oamenii din Valea Jiului pe slujbele din subteran,12/11/2024,Stiri
50271.txt,www.pressone.ro,Photovoltaics In the Rural Areas. How Pensioners From a Village in Arad Managed To Pay Lower Energy Bills,09/09/2024,Stiri
50272.txt,www.pressone.ro,Opinii PressOne,08/01/2025,Stiri
50273.txt,www.pressone.ro,"PODCAST. Cum a inceput sovietizarea Rominiei - 30 august 1944, intrarea Armatei Rosii in Bucuresti",04/10/2024,Stiri
50274.txt,www.pressone.ro,Bazinul carbonifer AUR din Valea Jiului. Cum au ajuns minerii sa aiba un rol central in campania lui George Simion,11/11/2024,Stiri
50275.txt,www.pressone.ro,PODCAST. Cum avem grija de relatia de cuplu cind suntem epuizati,09/05/2024,Stiri
50276.txt,www.pressone.ro,"Scutul estic, fara noi? Ce-i lipseste Rominiei ca sa conteze in discutiile strategice europene",06/01/2025,Stiri
50277.txt,www.pressone.ro,Vlad Dracul: tatal lui Vlad Tepes si crincenele sale lupte cu otomanii si ungurii (Podcast Colectionarul de Istorie),01/11/2024,Stiri
50278.txt,www.pressone.ro,Razvan Filip,No date found,Stiri
50279.txt,www.pressone.ro,"Fabrici, uzine, oameni noi. Obsesia industrializarii in Rominia socialista",21/11/2024,Stiri
50280.txt,www.pressone.ro,Andreea Cimpeanu,No date found,Stiri
50281.txt,www.pressone.ro,"In America, fara vize. Tot ce trebuie sa stii despre programul Visa Waiver",09/01/2025,Stiri
50282.txt,www.pressone.ro,English Section PressOne,13/11/2024,Stiri
50283.txt,www.pressone.ro,"Ce faci in weekendul 10-12 ianuarie in Bucuresti, Cluj-Napoca, Timisoara sau Iasi. Recomandarile PressOne",09/01/2025,Stiri
50284.txt,www.hotnews.ro,"A fost descoperita una dintre cele mai mari fortarete din Epoca Bronzului, insa misterele sale sunt departe de a fi elucidate",2025-01-10T21:50:47+02:00,Stiri
50285.txt,www.hotnews.ro,"Elena Lasconi: Ii inteleg pe rominii care au iesit azi in strada, dar solutia nu e acolo",2025-01-10T13:33:03+02:00,Stiri
50286.txt,www.hotnews.ro,"„Au facut-o in Rominia si va trebui facut si in Germania, daca e necesar”. Fostul comisar european Thierry Breton, despre anularea rezultatului alegerilor",2025-01-10T11:11:57+02:00,Stiri
50287.txt,www.hotnews.ro,"MedLife inaugureaza Spitalul Medici’s la Timisoara cu o investitie de peste 25 milioane de euro: „Probabil, este cel mai modern spital privat din Rominia”",2024-12-12T14:50:47+02:00,Stiri
50288.txt,www.hotnews.ro,"Caz special: pacienta operata simultan cu robotul de cancer mamar si nodul suspect de tiroida, la MedLife Polisano din Sibiu",2024-12-30T10:14:22+02:00,Stiri
50289.txt,www.hotnews.ro,Ce spune lidera POT despre jandarmi dupa ce s-a certat cu ei la protest,2025-01-10T15:29:12+02:00,Stiri
50290.txt,www.hotnews.ro,Ucraina primeste de la UE prima transa din imprumutul garantat cu activele rusesti inghetate,2025-01-10T18:40:44+02:00,Stiri
50291.txt,www.hotnews.ro,Zeci de universitati din Germania si Austria anunta ca se retrag de pe reteaua sociala X a lui Elon Musk,2025-01-10T20:43:07+02:00,Stiri
50292.txt,www.hotnews.ro,"Donald Trump nu mai vrea rezolvarea razboiului din Ucraina in 24 de ore, ci mai asteapta citeva luni. Cum vad partenerii europeni schimbarea de atitudine – Financial Times",2025-01-11T00:03:00+02:00,Stiri
50293.txt,www.hotnews.ro,"Sapte amenzi la protestul din Bucuresti, trei fiind pentru efectuarea de zboruri neautorizate cu drone / Jandarmii au facut o sesizare pentru distrugere",2025-01-10T19:48:12+02:00,Stiri
50294.txt,www.hotnews.ro,Moscova considera „absurda” recomandarea UE privind evitarea spatiului aerian rusesc,2025-01-10T22:03:36+02:00,Stiri
50295.txt,www.hotnews.ro,"Deriva unei nave rusesti, oprita in Marea Baltica. Germania: „Rusia pericliteaza securitatea europeana cu petroliere decrepite”",2025-01-10T21:06:53+02:00,Stiri
50296.txt,www.hotnews.ro,"#medicibuni Dr. Cosmin Olariu, chirurg cardiovascular MedLife: „Dupa 45 de ani, toti barbatii ar fi bine sa fie vazuti de un cardiolog”",2024-10-14T13:22:35+03:00,Stiri
50297.txt,www.hotnews.ro,Prezentarea surpriza a sefului Nvidia la CES 2025: Un supercomputer AI pe care poti sa-l tii in palma si are un pret similar cu un laptop de gaming,2025-01-11T12:37:36+02:00,Stiri
50298.txt,www.hotnews.ro,"Vor respecta tarile NATO noua tinta trasata de Donald Trump privind cheltuielile militare? Analistii sunt sceptici, dar spun ca s-ar putea intimpla altceva",2025-01-10T19:08:02+02:00,Stiri
50299.txt,www.hotnews.ro,"Gazprom, scoasa din actionariatul singurei companii de rafinare din Serbia. O masura luata sub presiunea Statelor Unite",2025-01-10T20:03:18+02:00,Stiri
50300.txt,www.hotnews.ro,"#medicibuni Dr. Ioana Dumitrascu-Biris, medic cardiolog fetal MedLife: „Testele de ADN fetal nu pot inlocui ecografiile morfofetale in sarcina”",2024-11-07T14:45:12+02:00,Stiri
50301.txt,www.hotnews.ro,Relatiile dintre Paris si Alger se tensioneaza din cauza unui influencer. „Algeria vrea sa umileasca Franta”,2025-01-10T23:03:14+02:00,Stiri
50302.txt,www.hotnews.ro,FOTO Ucrainenii anunta ca au capturat doi soldati nord-coreeni si i-au adus la Kiev / Zelenski: ”Nu a fost usor”,2025-01-11T14:57:08+02:00,Stiri
50303.txt,www.hotnews.ro,"#medicibuni Dr. Lucian Alecu, chirurg MedLife: „Dieta bazata pe alimente grase, procesate, pe consum de alcool si pe fructe dulci imbolnaveste ficatul“",2024-10-31T14:45:13+02:00,Stiri
50304.txt,www.hotnews.ro,"Premiera nationala: MedLife Polisano Sibiu, singurul spital privat din Rominia care a realizat o tiroidectomie cu robotul da Vinci prin tehnica BABA",2024-12-02T12:40:46+02:00,Stiri
50305.txt,www.hotnews.ro,"#medicibuni Dr. Catalin Magan, neurochirurg, despre o tinara cu fractura de coloana: „A ajuns la noi complet paralizata, am operat-o de urgenta la MedLife Humanitas, iar acum a inceput sa-si miste picioarele”",2024-10-24T15:05:27+03:00,Stiri
50306.txt,www.hotnews.ro,Un orasel din Franta a primit o mostenire de 10 milioane de euro de la un barbat care nu-l vizitase niciodata. „Depaseste imaginatia”,2025-01-11T15:42:46+02:00,Stiri
50307.txt,www.hotnews.ro,MedLife achizitioneaza alti doi roboti da Vinci: „Este extraordinar ca pacientii nostri vor avea acces la cea mai mare echipa de medici certificati in chirurgie robotica din Rominia”,2024-10-15T14:35:32+03:00,Stiri
50308.txt,www.hotnews.ro,"Tumorile glomice, tratate minim-invaziv si sigur, la Spitalul Premiere. Prof. univ. dr. Mihai Ionac: „Tumora se poate extirpa rapid, cu riscuri mult reduse pentru pacient”",2024-12-20T16:40:58+02:00,Stiri
50309.txt,www.hotnews.ro,"#medicibuni Dr. Calin Ghercea Silviu, oncolog MedLife: „Cuvintul «cancer», rostit sau gindit, trezeste in noi toti o mare emotie. Deciziile de tratament trebuie sa fie rationale si ferme”",2024-12-05T12:57:56+02:00,Stiri
50310.txt,www.hotnews.ro,SUV-urile au ajuns in 2024 la o cota record in Rominia pe piata masinilor noi,2025-01-10T13:31:07+02:00,Stiri
50311.txt,www.hotnews.ro,VIDEO Rusii inca se lupta cu incendiul dupa ce ucrainenii au lovit acum trei zile depozitul de carburanti al bazei Engels-2 / Doi pompieri au murit,2025-01-11T11:53:07+02:00,Stiri
50312.txt,www.hotnews.ro,Salvamontistii din Maramures au salvat un ucrainean aflat de sase zile in munti. Barbatul a fost gasit in hipotermie,2025-01-10T20:35:12+02:00,Stiri
50313.txt,www.hotnews.ro,Lider liberal: La prezidentiale va fi o avalansa de contestatii la CCR contra candidatilor extremisti / Cred ca nu vor fi lasati sa candideze,2025-01-11T13:42:19+02:00,Stiri
50314.txt,www.hotnews.ro,"E putin probabil ca BNR sa reduca dobinzile inainte de alegerile prezidentiale, arata o analiza a BCR. Incertitudinile fiscale vor domina dezbaterea intilnirii de miercurea viitoare a conducerii Bancii Nationale",2025-01-10T12:29:26+02:00,Stiri
50315.txt,www.hotnews.ro,"VIDEO Momentul in care lidera POT cearta un jandarm la mitingul de la CCR: „Largiti strada ca o sa se intoarca roata” / Jandarm: „In fiecare an se intoarce roata, dar noi suntem aici, la datorie”",2025-01-10T10:53:05+02:00,Stiri
50316.txt,www.hotnews.ro,"Dupa temperaturile de primavara, vremea se raceste in toata tara. Ce ne asteapta in zilele urmatoare",2025-01-11T08:31:24+02:00,Stiri
50317.txt,www.hotnews.ro,"#medicibuni Dr. Horatiu Teodorescu, gastroenterolog MedLife: „Tusea, senzatia de nod in git si raguseala ar trebui sa aduca pacientii si la gastroenterolog“",2024-11-04T14:07:42+02:00,Stiri
50318.txt,www.hotnews.ro,Rominii vor calatori fara viza in SUA. Toate datele pe care trebuie sa le stim,2025-01-10T15:22:06+02:00,Stiri
50319.txt,www.hotnews.ro,"#medicibuni Prof. dr. Tiberiu Bratu, chirurg plastician MedLife: „Este moda sinilor mici, dar noi nu ne luam dupa moda. Orice operatie estetica se face daca este nevoie”",2024-11-25T15:04:03+02:00,Stiri
50320.txt,www.hotnews.ro,Un furnizor de energie si-a anuntat clientii ca nu le mai poate livra curent: „Statul ne obliga sa vindem in pierdere”,2025-01-10T12:53:16+02:00,Stiri
50321.txt,www.hotnews.ro,"„Schema 1800”: Se sparg conturile de WhatsApp, iar faptasii le cer bani cunoscutilor din agenda. Marturia unei victime",2025-01-10T06:56:19+02:00,Stiri
50322.txt,www.hotnews.ro,Traseul si orarul protestului organizat duminica de AUR in Bucuresti,2025-01-11T14:33:21+02:00,Stiri
50323.txt,www.hotnews.ro,Mel Gibson spune ca locuinta i-a ars din temelii in timp ce dadea un interviu: „Eram putin nelinistit”,2025-01-10T15:37:29+02:00,Stiri
50324.txt,www.hotnews.ro,Dezvaluiri din interiorul Facebook: se vor accepta postari de tipul „Imigrantii sunt niste rahati murdari si jegosi”,2025-01-11T13:53:44+02:00,Stiri
50325.txt,www.hotnews.ro,"Cum a ajuns Rominia sa exporte gazele din Marea Neagra, desi ideea era sa le folosim in tara",2025-01-10T20:13:41+02:00,Stiri
50326.txt,www.hotnews.ro,Trump are un precedent cu Groenlanda: cum au cumparat SUA un teritoriu al Danemarcei cu un secol in urma / Povestea celor trei insule din Oceanul Atlantic,2025-01-11T14:55:00+02:00,Stiri
50327.txt,www.hotnews.ro,"Radu Paraschivescu, in rolul de „profesor de interlopeza”. Aparitie neobisnuita a scriitorului",2025-01-10T14:14:12+02:00,Stiri
50328.txt,www.hotnews.ro,VIDEOREPORTAJ „Un uragan impotriva sistemului globalist” / Portretul sustinatorilor lui Calin Georgescu. Cine sunt cei care au protestat la Curtea Constitutionala,2025-01-10T19:34:19+02:00,Stiri
50329.txt,www.hotnews.ro,#MediciBuni – Dr. Ioana Raluca Sima: „ Cele mai multe dintre accidentele vasculare cerebrale si cazurile de dementa pot fi prevenite”,2024-10-29T11:06:44+02:00,Stiri
50330.txt,www.hotnews.ro,"#medicibuni Dr. Anda Simbotin, chirurg ginecolog: „Avem rezultate spectaculoase dupa operatiile de endometrioza”",2024-12-16T11:56:13+02:00,Stiri
50331.txt,www.hotnews.ro,"Pret record pentru o vioara Stradivarius. Va fi scos la licitatie instrumentul pe care s-a cintat in premiera concertul lui Brahms, acum aproape 150 de ani",2025-01-10T17:00:01+02:00,Stiri
50332.txt,www.hotnews.ro,Statiunile rominesti care rivalizau cu marile statiuni europene dar care au ajuns in ruine. Exemple de decaderi si din alte tari,2025-01-11T07:03:05+02:00,Stiri
50333.txt,www.hotnews.ro,MedLife continua expansiunea la nivel national si inaugureaza primul spital multidisciplinar din regiunea Oltenia,2024-11-21T12:36:10+02:00,Stiri
50334.txt,www.hotnews.ro,"Crin Antonescu spune ca a mai primit o oferta de a candida la prezidentiale, in 2024. „Mi-a fost usor sa o resping”",2025-01-11T14:21:46+02:00,Stiri
50335.txt,www.hotnews.ro,"„Sindromul Havana”. Agentiile de informatii americane, divizate in ce priveste misterioasa boala care a afectat diplomati ai SUA",2025-01-10T19:04:29+02:00,Stiri
50336.txt,www.hotnews.ro,"VIDEO George Simion, despre protestul din fata Parlamentului: „Sunt alaturi de romini, nu de o persoana. Nu il sustinem pe domnul Georgescu. Ma intreb de ce nu e doamna Lasconi aici. Noi sustinem dreptul rominilor”",2025-01-10T11:22:03+02:00,Stiri
50337.txt,www.hotnews.ro,O declaratie de la Vilnius a stirnit furie si amenintari la Moscova: „Tarile Baltice ar trebui sa apartina Rusiei. Lituania poate fi distrusa in 24 de ore”,2025-01-10T17:08:26+02:00,Stiri
50338.txt,www.hotnews.ro,"#medicibuni Dr. Alina Liliana Popa, pediatru MedLife, despre virozele de sezon netratate: „Pneumonia netratata la timp poate duce la spitalizari lungi“",2024-12-26T11:04:17+02:00,Stiri
50339.txt,www.hotnews.ro,"MAE anunta evacuarea Consulatului Rominiei la Los Angeles, din cauza incendiilor din zona",2025-01-10T20:25:02+02:00,Stiri
50340.txt,www.hotnews.ro,"VIDEO: Spitalul Medici’s Timisoara: Un nou standard de excelenta in sanatatea privata din vestul Rominiei, sub umbrela MedLife",2024-12-23T08:00:27+02:00,Stiri
50341.txt,www.hotnews.ro,"#MediciBuni Dr. Ana-Maria Bota, medic primar ORL: „Tratez fiecare pacient asa cum m-as trata pe mine insami. Si mi se pare normal sa fac asta”",2024-11-11T13:20:56+02:00,Stiri
50342.txt,www.hotnews.ro,"#medicibuni Dr. Armand Agache, medic ORL MedLife: „Nasul infundat constant poate fi semnul unei sinuzite cronice”",2024-12-19T16:36:25+02:00,Stiri
50343.txt,www.hotnews.ro,O tara din America de Sud a trecut printr-un frig aproape istoric in 2024,2025-01-10T12:01:46+02:00,Stiri
50344.txt,www.hotnews.ro,Prabusirea avionului Jeju Air: Cutiile negre au incetat sa mai inregistreze cu patru minute inainte de tragedie,2025-01-11T08:21:20+02:00,Stiri
50345.txt,www.hotnews.ro,"REPORTAJ. „Chiar daca am cetatenia, n-o sa ma simt niciodata italianca. Noi, copiii nascuti aici cu parintii din alta tara, avem o criza de identitate”. La 20 de ani, Alessandra Beldean coordoneaza corul de copii al Bisericii Ortodoxe din Forli",2025-01-11T06:53:45+02:00,Stiri
50346.txt,www.hotnews.ro,"O mireasa a cerut anularea casatoriei, dupa ce a aflat ca nunta „falsa” facuta pe Instagram cu un influencer a fost, de fapt, reala",2025-01-11T09:08:40+02:00,Stiri
50347.txt,www.hotnews.ro,"Oferta Ungariei de preluare a E. ON ar putea fi blocata pe fondul temerilor legate de influenta Rusiei, spune ministrul Burduja – Financial Times",2025-01-10T09:50:09+02:00,Stiri
50348.txt,www.hotnews.ro,"Armata israeliana admite ca, „probabil”, a ucis doi locuitori dintr-un kibbutz in timpul atacului Hamas din 7 octombrie 2023",2025-01-10T22:14:57+02:00,Stiri
50349.txt,www.hotnews.ro,"Cum contribuie imbinarea dintre wellness si servicii medicale la cresterea calitatii vietii. MedLife, investitii de impact pentru adaptarea la noile tendinte",2025-01-02T19:18:39+02:00,Stiri
50350.txt,www.hotnews.ro,"Reteaua de Sǎnatate Regina Maria detine 16 din cele 20 de Centre de Excelenta din Rominia, iar la Ponderas Academic Hospital functioneaza 8 dintre ele. Ce inseamna o astfel de titulatura pentru pacienti",2025-01-08T10:54:00+02:00,Stiri
50351.txt,www.hotnews.ro,"Ce s-a gasit dupa un control inopinat la centre pentru minori cu dizabilitati din Tirgu Mures: Copii incuiati pe dinafara, medicamente expirate si un focar de varicela",2025-01-11T10:53:00+02:00,Stiri
50352.txt,www.hotnews.ro,"Weekend trending in Bucuresti, 11-12 ianuarie: unde maninci la fel ca prietenii plecati in Thailanda, tur pietonal dedicat lui Eminescu si „Substanta” care ne face mai tineri",2025-01-11T06:58:54+02:00,Stiri
50353.txt,www.hotnews.ro,"Patronul Cancan si Gindul, Radu Budeanu, a cumparat Mediafax",2025-01-10T14:18:29+02:00,Stiri
50354.txt,www.hotnews.ro,Lunga lista de predecesori ai lui Donald Trump care si-au dorit Groenlanda,2025-01-11T11:34:13+02:00,Stiri
50355.txt,www.hotnews.ro,De ce se transforma un copil care minca orice intr-un mofturos? 7 motive explicate si sfaturi pentru parinti,2025-01-10T11:55:13+02:00,Stiri
50356.txt,www.hotnews.ro,AUR anunta ca asteapta „cel putin 30.000” de oameni la protestul de duminica. „Manifestatia apartine poporului romin”,2025-01-11T11:31:42+02:00,Stiri
50357.txt,www.hotnews.ro,"VIDEO Imagini de la deschiderea Spitalului MedLife Craiova: al 15-lea spital din retea, investitie de aproape 6 milioane euro, peste 50 de specialisti. Urmatoarea oprire, in Ardeal",2024-11-28T11:36:40+02:00,Stiri
50358.txt,www.hotnews.ro,Mark Zuckerberg cere sprijinul lui Trump impotriva UE: „A fost libera sa atace toate companiile americane”,2025-01-11T15:31:28+02:00,Stiri
50359.txt,www.hotnews.ro,"Fostul ministru al Agriculturii, Adrian Chesnoiu, inculpat de DNA, revine la conducerea Agentiei pentru Finantarea Investitiilor Rurale",2025-01-10T12:44:10+02:00,Stiri
50360.txt,www.hotnews.ro,Cum isi va spori Danemarca prezenta militara in Groenlanda dupa ce Trump a pus ochii pe insula: Cu patrule cu sanii trase de ciini,2025-01-11T13:22:01+02:00,Stiri
50361.txt,www.hotnews.ro,"VIDEO Protest in Bratislava contra apropierii de Moscova: „Slovacia este Europa, noi nu suntem Rusia”",2025-01-11T10:07:42+02:00,Stiri
50362.txt,www.hotnews.ro,"„Cind am vazut anuntul, am crezut ca e o gluma”. O familie de britanici a cumparat cu doar 3 euro o casa in una dintre cele mai frumoase localitati din Italia",2025-01-11T07:44:22+02:00,Stiri
50363.txt,www.hotnews.ro,"SUA anunta o recompensa de 25 de milioane de dolari pentru arestarea presedintelui Maduro din Venezuela, chiar in ziua investirii sale controversate pentru al treilea mandat",2025-01-10T19:20:57+02:00,Stiri
50364.txt,www.hotnews.ro,Replica dura din industria de IT dupa ce Guvernul a eliminat facilitatile: „Mediul privat nu isi permite decizii bazate pe impresii si rugaciuni”,2025-01-11T09:57:36+02:00,Stiri
50365.txt,www.hotnews.ro,"De ce au ramas hidrantii din Los Angeles fara apa, in timp ce pompierii luptau sa stinga incendiile care au ucis zece oameni si au mistuit peste 9.000 de case",2025-01-10T16:22:59+02:00,Stiri
50366.txt,www.hotnews.ro,"CNA cere protejarea jurnalistilor, dupa incidentele de la mitingul pro-Georgescu. „Ministerul de Interne sa anunte ce va face in privinta preventiei, este clar ca acest tip de comportament va continua”",2025-01-10T18:12:13+02:00,Stiri
50367.txt,www.hotnews.ro,Prima reactie a Ucrainei dupa ce Trump a spus ca vrea o intilnire cu Vladimir Putin pentru a pune capat razboiului,2025-01-10T14:57:52+02:00,Stiri
50368.txt,www.hotnews.ro,"O invazie a Americii lui Trump in Groenlanda ar fi „cel mai scurt razboi din lume”, spun expertii",2025-01-10T13:56:15+02:00,Stiri
50369.txt,www.hotnews.ro,"#medicibuni Dr. Tanita Mavris, chirurg MedLife: „Adesea denumit «ucigasul tacut», cancerul ovarian da simptome precoce care pot fi confundate cu afectiuni benigne”",2024-10-21T11:52:21+03:00,Stiri
50370.txt,www.hotnews.ro,"Danemarca, dispusa la concesii in privinta Groenlandei. Mesajul trimis echipei lui Donald Trump",2025-01-11T16:03:47+02:00,Stiri
50371.txt,www.hotnews.ro,"Premierul unei tari UE, cuvinte grele la adresa lui Zelenski: „Uneori sunt satul de el. Merge prin Europa si cere pomana”",2025-01-10T19:32:25+02:00,Stiri
50372.txt,www.hotnews.ro,CCR anunta ca a primit o cerere depusa de avocatii lui Calin Georgescu de reluare a turului II al prezidentialelor,2025-01-10T11:45:22+02:00,Stiri
50373.txt,www.hotnews.ro,VIDEO Ninsori viscolite in zonele de munte. Care sunt recomandarile drumarilor pentru soferi,2025-01-10T21:32:35+02:00,Stiri
50374.txt,www.hotnews.ro,"LIVE Razboi in Ucraina, ziua 1053: Putin se afla intr-o „situatie dificila”, spune Biden / Rusia afirma ca a doborit 85 de drone azi-noapte / Zelenski: Noile sanctiuni sunt o lovitura semnificativa pentru Moscova",2025-01-11T08:47:50+02:00,Stiri
50375.txt,www.hotnews.ro,"Donald Trump scapa fara sanctiuni in dosarul platilor facute catre actrita porno Stormy Daniel. Judecatorul l-a gasit vinovat dar nu impune o pedeapsa: „Singura sentinta legala, fara sa incalce cea mai inalta functie in stat”",2025-01-10T17:15:00+02:00,Stiri
50376.txt,www.hotnews.ro,"Varsovia anunta ca a depistat o grupare rusa pregatita de GRU, care incerca sa influenteze alegerile prezidentiale din Polonia",2025-01-10T15:19:02+02:00,Stiri
50377.txt,www.hotnews.ro,"VIDEO “Vrem sa aducem mai mult decit vindecare pacientilor nostri”. Cum reconfigureaza MedLife, cu ajutorul culturii, conceptul de spital",2024-11-26T11:06:55+02:00,Stiri
50378.txt,www.hotnews.ro,Polonia: Un general a fost demis dupa ce sute de mine antitanc au fost gasite linga un depozit Ikea,2025-01-11T14:30:00+02:00,Stiri
50379.txt,www.hotnews.ro,Pregatiri pentru un eventual razboi in Norvegia. Guvernul de la Oslo a prezentat Cartea Alba a apararii tarii,2025-01-10T16:29:41+02:00,Stiri
50380.txt,www.hotnews.ro,Bucuresti: Opt raniti dupa un accident intre un autoturism si o masina de politie in misiune,2025-01-11T07:18:22+02:00,Stiri
50381.txt,www.hotnews.ro,"Crin Antonescu: „Sunt foarte posibil, foarte probabil candidatul coalitiei”. Ce spune despre testarea sa in sondaje",2025-01-11T12:47:02+02:00,Stiri
50382.txt,www.hotnews.ro,"Dezvaluire: frustrarea creste la Moscova. Oamenii de linga Putin cer escaladarea razboiului, in ciuda pierderilor imense. Ce vrea liderul de la Kremlin",2025-01-10T12:45:13+02:00,Stiri
50383.txt,www.hotnews.ro,"Seful Directiei pentru Cultura Bucuresti, acuzat ca a amenintat un jurnalist Buletin de Bucuresti: „Mare grija, te rog, nu e cazul sa-ti distrugi viata”",2025-01-10T13:41:51+02:00,Stiri
50384.txt,www.hotnews.ro,"„Turul doi, inapoi”. Protestul sustinatorilor lui Calin Georgescu a ajuns la final, dupa circa 9 ore / Citeva mii de persoane au protestat in fata Parlamentului, apoi s-au mutat la Guvern si au revenit seara in Piata Constitutiei. Principalele momente si declaratii – FOTO/VIDEO",2025-01-10T07:04:53+02:00,Stiri
50385.txt,www.hotnews.ro,"Ciolacu, reactie categorica pe tema prezidentiabilului PSD-PNL-UDMR: Crin Antonescu va fi singurul candidat din partea Coalitiei masurat in sondaj. Daca alti colegi vor alte sondaje, sa le comande si sa le plateasca",2025-01-10T10:46:38+02:00,Stiri
50386.txt,www.hotnews.ro,Elon Musk preia un fake news pe reteaua X: „Fost comisar european recunoaste ca UE a anulat alegerile din Rominia”. Ce a scris miliardarul,2025-01-11T10:49:42+02:00,Stiri
50387.txt,www.hotnews.ro,"SUA impun cel mai amplu pachet de sanctiuni asupra sectorului petrolier si al gazelor din Rusia, pentru a sprijini Ucraina",2025-01-10T21:20:07+02:00,Stiri
50388.txt,www.hotnews.ro,"MedLife, cea mai mare retea de servicii medicale private din Rominia, schimba perceptia rominilor asupra spitalelor prin lansarea unei serii de evenimente culturale sub titlul: „Cultura si medicina: O alchimie a binelui”",2024-11-14T11:36:25+02:00,Stiri
50389.txt,www.hotnews.ro,MedLife prezinta tehnologia viitorului: de la drone si VR pina la roboti medicali ce permit sigilarea vaselor direct de la consola chirurgului,2024-10-17T14:39:27+03:00,Stiri
50390.txt,www.hotnews.ro,"VIDEO 31 martie, data de la care rominii pot calatori fara vize in SUA. Ambasadoarea SUA la Bucuresti: „Este un moment istoric pentru relatia noastra si rezultatul mai multor ani de munca”",2025-01-10T14:45:00+02:00,Stiri
50391.txt,www.hotnews.ro,"#medicibuni Prof. dr. Ciprian Duta, chirurg la Spitalul MedLife Medici’s Timisoara: „Medicina moderna presupune nu doar sa-i fie prelungita viata pacientului cu cancer, dar sa i se ofere si sansa la o viata normala”",2024-12-09T13:58:22+02:00,Stiri
50392.txt,www.hotnews.ro,Ursula von der Leyen nu a fost invitata la ceremonia de investire a lui Donald Trump,2025-01-10T14:35:53+02:00,Stiri
50393.txt,www.hotnews.ro,"#MediciBuni – dr. Florin Oancea, MedLife: „Am avut un pacient cu o fractura deschisa de gamba cu multe interventii chirurgicale si reconstructii. Dupa 3 ani, acel om schia”",2025-01-06T13:58:18+02:00,Stiri
50394.txt,www.hotnews.ro,Presedintele Colegiului Medicilor a discutat cu chirurgul de la Tirgu Jiu care a refuzat sa opereze un adolescent de 16 ani care ulterior a murit: „Legislatia in vigoare ii permitea interventia”,2025-01-10T15:10:13+02:00,Stiri
50395.txt,www.hotnews.ro,"Bulgaria: Fostul premier pro-european Kiril Petkov, inculpat pentru abuz de putere. In timpul mandatului sau, Boiko Borisov a fost arestat pentru coruptie",2025-01-10T17:31:16+02:00,Stiri
50396.txt,www.hotnews.ro,Premiera nationala: echipa Spitalului MedLife Polisano Sibiu a efectuat cu succes prima mastectomie bilaterala robotica cu sistemul daVinci,2024-11-18T11:12:59+02:00,Stiri
50397.txt,www.hotnews.ro,Mai putine cereri de azil in Europa in 2024. De unde au venit cei mai multi solicitanti,2025-01-11T15:50:51+02:00,Stiri
50398.txt,www.hotnews.ro,Ursula von der Leyen a fost internata in spital timp de o saptamina din cauza pneumoniei,2025-01-10T22:44:55+02:00,Stiri
50399.txt,www.hotnews.ro,Doua cadavre descoperite de politisti in paduri din jurul Bucurestilor. Una dintre victime a fost impuscata,2025-01-10T18:22:49+02:00,Stiri
50400.txt,www.hotnews.ro,Rominia scapa de vize pentru SUA. Klaus Iohannis: „Aceasta reusita va determina dezvoltarea si mai dinamica a relatiilor noastre bilaterale”,2025-01-10T15:46:11+02:00,Stiri
50401.txt,www.hotnews.ro,Schimbarea presedintelui din Mexic a pus probleme influencerilor care traiau din aparitiile lui publice. „Trebuie sa ne reprofilam”,2025-01-11T09:41:37+02:00,Stiri
50402.txt,www.hotnews.ro,"Un american condamnat pentru asaltul asupra Capitoliului, arestat in Canada. Sperantele sale sunt acum legate de Trump",2025-01-10T23:42:42+02:00,Stiri
50403.txt,www.hotnews.ro,Tehnologiile de secventiere: cum imbunatatesc sansele de vindecare si tratamentele personalizate,2025-01-09T12:58:10+02:00,Stiri
50404.txt,www.hotnews.ro,VIDEO Manifestantii de la mitingul pro-Georgescu au aruncat cu covrigi si sticle de apa intr-o jurnalista de la Digi 24. Masina jurnalistilor Observator a fost vandalizata / Reactia CNA,2025-01-10T14:53:09+02:00,Stiri
50405.txt,www.hotnews.ro,Imagini cu atacatorul din New Orleans tragind in politie inainte ca agentii sa il impuste mortal – VIDEO,2025-01-10T23:29:07+02:00,Stiri
50406.txt,www.hotnews.ro,Robert Fico spune ca Putin i-a promis personal ca nu ii va lasa pe slovaci fara gaz: „Trebuie sa ne livreze cumva”,2025-01-10T13:25:22+02:00,Stiri
50407.txt,www.hotnews.ro,"Cluj-Napoca vrea sa interzica fumatul in spatii publice, pe modelul Milano. Emil Boc: „Acum analizam cadrul legal”",2025-01-11T12:16:06+02:00,Stiri
50408.txt,www.hotnews.ro,"Patru tineri straini, cu virste intre 16 si 18 ani, salvati de pe Jepii Mici. Erau neechipati corespunzator, iar in zona e strat mare de zapada",2025-01-10T22:26:04+02:00,Stiri
